Country,ISO3,Region,Year,CPI_Score,Rank,Sources,Standard_Error
New Zealan,NZL,AP,2019,87,1,8,2.29
New Zealan,NZL,AP,2018,87,2,8,2.44
New Zealan,NZL,AP,2017,89,1,8,2.4
New Zealan,NZL,AP,2016,90,1,7,2.56
New Zealan,NZL,AP,2015,91,1,7,2.32
New Zealan,NZL,AP,2014,91,2,7,2.28
New Zealan,NZL,AP,2013,91,1,7,2.3
New Zealan,NZL,AP,2012,90,1,7,2.2
Denmark,DNK,WE/EU,2019,87,1,8,2.54
Denmark,DNK,WE/EU,2018,88,1,8,2.63
Denmark,DNK,WE/EU,2017,88,2,8,2.75
Denmark,DNK,WE/EU,2016,90,1,7,2.46
Denmark,DNK,WE/EU,2015,91,1,7,2.16
Denmark,DNK,WE/EU,2014,92,1,7,2.04
Denmark,DNK,WE/EU,2013,91,1,7,2.2
Denmark,DNK,WE/EU,2012,90,1,7,2
Finland,FIN,WE/EU,2019,86,3,8,2.92
Finland,FIN,WE/EU,2018,85,3,8,2.74
Finland,FIN,WE/EU,2017,85,3,8,2.84
Finland,FIN,WE/EU,2016,89,3,7,1.46
Finland,FIN,WE/EU,2015,90,3,7,1.77
Finland,FIN,WE/EU,2014,89,3,7,2.05
Finland,FIN,WE/EU,2013,89,3,7,1.7
Finland,FIN,WE/EU,2012,90,1,7,3
Switzerland,CHE,WE/EU,2019,85,4,7,1.58
Switzerland,CHE,WE/EU,2018,85,3,7,1.57
Switzerland,CHE,WE/EU,2017,85,3,7,1.71
Switzerland,CHE,WE/EU,2016,86,5,6,1.57
Switzerland,CHE,WE/EU,2015,86,6,6,2.55
Switzerland,CHE,WE/EU,2014,86,5,6,2.61
Switzerland,CHE,WE/EU,2013,85,7,6,2.5
Switzerland,CHE,WE/EU,2012,86,6,6,2.6
Singapore,SGP,AP,2019,85,4,9,2.05
Singapore,SGP,AP,2018,85,3,9,1.98
Singapore,SGP,AP,2017,84,6,9,2.26
Singapore,SGP,AP,2016,84,7,8,2.35
Singapore,SGP,AP,2015,85,7,8,2.02
Singapore,SGP,AP,2014,84,7,8,1.75
Singapore,SGP,AP,2013,86,5,9,2.3
Singapore,SGP,AP,2012,87,5,9,2.1
Sweden,SWE,WE/EU,2019,85,4,8,1.98
Sweden,SWE,WE/EU,2018,85,3,8,2.02
Sweden,SWE,WE/EU,2017,84,6,8,2.27
Sweden,SWE,WE/EU,2016,88,4,7,1.33
Sweden,SWE,WE/EU,2015,89,4,7,1.71
Sweden,SWE,WE/EU,2014,87,4,7,3.41
Sweden,SWE,WE/EU,2013,89,3,7,2.3
Sweden,SWE,WE/EU,2012,88,4,7,1.9
Norway,NOR,WE/EU,2019,84,7,7,1.65
Norway,NOR,WE/EU,2018,84,7,8,2.14
Norway,NOR,WE/EU,2017,85,3,8,1.83
Norway,NOR,WE/EU,2016,85,6,7,1.85
Norway,NOR,WE/EU,2015,88,5,7,2.24
Norway,NOR,WE/EU,2014,86,5,7,2.38
Norway,NOR,WE/EU,2013,86,5,7,2.3
Norway,NOR,WE/EU,2012,85,7,7,1.6
Netherland,NLD,WE/EU,2019,82,8,8,2.25
Netherland,NLD,WE/EU,2018,82,8,8,2.3
Netherland,NLD,WE/EU,2017,82,8,8,2.23
Netherland,NLD,WE/EU,2016,83,8,7,2.32
Netherland,NLD,WE/EU,2015,84,9,7,1.98
Netherland,NLD,WE/EU,2014,83,8,7,1.97
Netherland,NLD,WE/EU,2013,83,8,7,2
Netherland,NLD,WE/EU,2012,84,9,7,2
Luxembour,LUX,WE/EU,2019,80,9,7,1.95
Luxembour,LUX,WE/EU,2018,81,9,7,2.32
Luxembour,LUX,WE/EU,2017,82,8,6,2.08
Luxembour,LUX,WE/EU,2016,81,10,6,1.96
Luxembour,LUX,WE/EU,2015,85,7,5,1.6
Luxembour,LUX,WE/EU,2014,82,9,6,2.78
Luxembour,LUX,WE/EU,2013,80,11,6,2.9
Luxembour,LUX,WE/EU,2012,80,12,6,2.8
Germany,DEU,WE/EU,2019,80,9,8,3.31
Germany,DEU,WE/EU,2018,80,11,8,2.49
Germany,DEU,WE/EU,2017,81,12,8,1.87
Germany,DEU,WE/EU,2016,81,10,7,2.73
Germany,DEU,WE/EU,2015,81,11,7,2.5
Germany,DEU,WE/EU,2014,79,12,7,2.58
Germany,DEU,WE/EU,2013,78,12,8,2.4
Germany,DEU,WE/EU,2012,79,13,8,2.3
Iceland,ISL,WE/EU,2019,78,11,7,4.63
Iceland,ISL,WE/EU,2018,76,14,7,4.33
Iceland,ISL,WE/EU,2017,77,13,7,4.38
Iceland,ISL,WE/EU,2016,78,14,6,3.81
Iceland,ISL,WE/EU,2015,79,13,5,4.53
Iceland,ISL,WE/EU,2014,79,12,6,3.16
Iceland,ISL,WE/EU,2013,78,12,6,2.8
Iceland,ISL,WE/EU,2012,82,11,6,4.1
Canada,CAN,AME,2019,77,12,8,2.8
Canada,CAN,AME,2018,81,9,8,2.16
Canada,CAN,AME,2017,82,8,8,1.49
Canada,CAN,AME,2016,82,9,7,2.03
Canada,CAN,AME,2015,83,10,7,1.63
Canada,CAN,AME,2014,81,10,7,2.45
Canada,CAN,AME,2013,81,9,7,2.4
Canada,CAN,AME,2012,84,9,7,2.2
United King,GBR,WE/EU,2019,77,12,8,3.34
United King,GBR,WE/EU,2018,80,11,8,2.03
United King,GBR,WE/EU,2017,82,8,8,1.7
United King,GBR,WE/EU,2016,81,10,7,2.12
United King,GBR,WE/EU,2015,81,11,7,2.4
United King,GBR,WE/EU,2014,78,14,7,2.09
United King,GBR,WE/EU,2013,76,14,8,1.3
United King,GBR,WE/EU,2012,74,17,8,1.3
Australia,AUS,AP,2019,77,12,9,1.32
Australia,AUS,AP,2018,77,13,9,1.27
Australia,AUS,AP,2017,77,13,9,1.4
Australia,AUS,AP,2016,79,13,8,1.27
Australia,AUS,AP,2015,79,13,8,1.5
Australia,AUS,AP,2014,80,11,8,1.31
Australia,AUS,AP,2013,81,9,8,1.5
Australia,AUS,AP,2012,85,7,8,1.1
Austria,AUT,WE/EU,2019,77,12,8,1.57
Austria,AUT,WE/EU,2018,76,14,8,1.37
Austria,AUT,WE/EU,2017,75,16,8,1.17
Austria,AUT,WE/EU,2016,75,17,7,1.36
Austria,AUT,WE/EU,2015,76,16,7,1.76
Austria,AUT,WE/EU,2014,72,23,7,3.49
Austria,AUT,WE/EU,2013,69,26,8,3.2
Austria,AUT,WE/EU,2012,69,25,8,2.4
Hong Kong,HKG,AP,2019,76,16,8,3.15
Hong Kong,HKG,AP,2018,76,14,8,2.47
Hong Kong,HKG,AP,2017,77,13,7,2.37
Hong Kong,HKG,AP,2016,77,15,7,2.62
Hong Kong,HKG,AP,2015,75,18,7,2.48
Hong Kong,HKG,AP,2014,74,17,7,2.75
Hong Kong,HKG,AP,2013,75,15,8,2.4
Hong Kong,HKG,AP,2012,77,14,8,1.9
Belgium,BEL,WE/EU,2019,75,17,7,1.09
Belgium,BEL,WE/EU,2018,75,17,8,1.09
Belgium,BEL,WE/EU,2017,75,16,8,1.63
Belgium,BEL,WE/EU,2016,77,15,7,1.55
Belgium,BEL,WE/EU,2015,77,15,7,1.34
Belgium,BEL,WE/EU,2014,76,15,7,2.26
Belgium,BEL,WE/EU,2013,75,15,7,2.3
Belgium,BEL,WE/EU,2012,75,16,7,2.4
Ireland,IRL,WE/EU,2019,74,18,7,3.61
Ireland,IRL,WE/EU,2018,73,18,7,3.25
Ireland,IRL,WE/EU,2017,74,19,7,3.68
Ireland,IRL,WE/EU,2016,73,19,6,4.31
Ireland,IRL,WE/EU,2015,75,18,6,4.92
Ireland,IRL,WE/EU,2014,74,17,6,4.75
Ireland,IRL,WE/EU,2013,72,21,6,4.2
Ireland,IRL,WE/EU,2012,69,25,6,3.5
Estonia,EST,WE/EU,2019,74,18,10,1.21
Estonia,EST,WE/EU,2018,73,18,10,1.44
Estonia,EST,WE/EU,2017,71,21,10,2.21
Estonia,EST,WE/EU,2016,70,22,10,2.16
Estonia,EST,WE/EU,2015,70,23,9,2.79
Estonia,EST,WE/EU,2014,69,27,9,2.89
Estonia,EST,WE/EU,2013,68,28,9,2.7
Estonia,EST,WE/EU,2012,64,32,8,3
Japan,JPN,AP,2019,73,20,9,3.51
Japan,JPN,AP,2018,73,18,9,2.85
Japan,JPN,AP,2017,73,20,9,2.66
Japan,JPN,AP,2016,72,20,8,3.02
Japan,JPN,AP,2015,75,18,8,2.96
Japan,JPN,AP,2014,76,15,8,3.16
Japan,JPN,AP,2013,74,18,9,2.4
Japan,JPN,AP,2012,74,17,9,2.3
United Ara,ARE,MENA,2019,71,21,8,5.13
United Ara,ARE,MENA,2018,70,23,8,4.56
United Ara,ARE,MENA,2017,71,21,7,6.26
United Ara,ARE,MENA,2016,66,24,7,5.7
United Ara,ARE,MENA,2015,70,23,7,5.07
United Ara,ARE,MENA,2014,70,26,7,5.14
United Ara,ARE,MENA,2013,69,26,7,4.7
United Ara,ARE,MENA,2012,68,27,7,4.3
Uruguay,URY,AME,2019,71,21,7,2.47
Uruguay,URY,AME,2018,70,23,7,2.73
Uruguay,URY,AME,2017,70,23,7,2.67
Uruguay,URY,AME,2016,71,21,6,2.68
Uruguay,URY,AME,2015,74,21,6,1.68
Uruguay,URY,AME,2014,73,21,6,1.41
Uruguay,URY,AME,2013,73,19,6,1.4
Uruguay,URY,AME,2012,72,20,6,1.5
United Stat,USA,AME,2019,69,23,9,4.12
United Stat,USA,AME,2018,71,22,9,3.25
United Stat,USA,AME,2017,75,16,9,3.24
United Stat,USA,AME,2016,74,18,9,3.15
United Stat,USA,AME,2015,76,16,8,3.47
United Stat,USA,AME,2014,74,17,8,3.74
United Stat,USA,AME,2013,73,19,9,4
United Stat,USA,AME,2012,73,19,9,4.1
France,FRA,WE/EU,2019,69,23,8,2.28
France,FRA,WE/EU,2018,72,21,8,1.17
France,FRA,WE/EU,2017,70,23,8,1.36
France,FRA,WE/EU,2016,69,23,7,2.97
France,FRA,WE/EU,2015,70,23,7,2.49
France,FRA,WE/EU,2014,69,27,7,2.17
France,FRA,WE/EU,2013,71,22,8,2.4
France,FRA,WE/EU,2012,71,22,8,2.4
Bhutan,BTN,AP,2019,68,25,4,2.76
Bhutan,BTN,AP,2018,68,25,4,2.86
Bhutan,BTN,AP,2017,67,26,5,1.83
Bhutan,BTN,AP,2016,65,27,5,2.12
Bhutan,BTN,AP,2015,65,27,4,2.14
Bhutan,BTN,AP,2014,65,30,4,1.81
Bhutan,BTN,AP,2013,63,31,4,2.6
Bhutan,BTN,AP,2012,63,33,3,3.6
Chile,CHL,AME,2019,67,26,9,2.55
Chile,CHL,AME,2018,67,27,9,1.88
Chile,CHL,AME,2017,67,26,9,2.03
Chile,CHL,AME,2016,66,24,8,2.65
Chile,CHL,AME,2015,70,23,8,2.15
Chile,CHL,AME,2014,73,21,8,1.74
Chile,CHL,AME,2013,71,22,9,1.8
Chile,CHL,AME,2012,72,20,9,2.1
Seychelles,SYC,SSA,2019,66,27,4,3.4
Seychelles,SYC,SSA,2018,66,28,4,3.08
Seychelles,SYC,SSA,2017,60,36,4,8.32
Seychelles,SYC,SSA,2016,,,,
Seychelles,SYC,SSA,2015,55,40,3,8.5
Seychelles,SYC,SSA,2014,55,44,3,8.62
Seychelles,SYC,SSA,2013,54,47,4,8.2
Seychelles,SYC,SSA,2012,52,51,4,8
Taiwan,TWN,AP,2019,65,28,8,3.03
Taiwan,TWN,AP,2018,63,31,8,3.06
Taiwan,TWN,AP,2017,63,29,8,3.28
Taiwan,TWN,AP,2016,61,31,8,3.79
Taiwan,TWN,AP,2015,62,31,7,3.78
Taiwan,TWN,AP,2014,61,36,7,4.17
Taiwan,TWN,AP,2013,61,36,7,4.3
Taiwan,TWN,AP,2012,61,37,7,3.9
Bahamas,BHS,AME,2019,64,29,3,5.83
Bahamas,BHS,AME,2018,65,29,3,5.39
Bahamas,BHS,AME,2017,65,28,3,5.39
Bahamas,BHS,AME,2016,66,24,3,5.2
Bahamas,BHS,AME,2015,,,,
Bahamas,BHS,AME,2014,71,24,3,0.99
Bahamas,BHS,AME,2013,71,22,3,1
Bahamas,BHS,AME,2012,71,22,3,1
Barbados,BRB,AME,2019,62,30,4,6.06
Barbados,BRB,AME,2018,68,25,3,3.12
Barbados,BRB,AME,2017,68,25,3,3.24
Barbados,BRB,AME,2016,61,31,3,6.91
Barbados,BRB,AME,2015,,,,
Barbados,BRB,AME,2014,74,17,3,8.09
Barbados,BRB,AME,2013,75,15,3,7.1
Barbados,BRB,AME,2012,76,15,3,6.7
Portugal,PRT,WE/EU,2019,62,30,8,2.82
Portugal,PRT,WE/EU,2018,64,30,8,2.14
Portugal,PRT,WE/EU,2017,63,29,8,2.56
Portugal,PRT,WE/EU,2016,62,29,8,2.58
Portugal,PRT,WE/EU,2015,64,28,7,2.5
Portugal,PRT,WE/EU,2014,63,31,7,3.36
Portugal,PRT,WE/EU,2013,62,33,7,3
Portugal,PRT,WE/EU,2012,63,33,7,2.5
Puerto Rico,PRI,AME,2019,,,,
Puerto Rico,PRI,AME,2018,,,,
Puerto Rico,PRI,AME,2017,,,,
Puerto Rico,PRI,AME,2016,,,,
Puerto Rico,PRI,AME,2015,,,,
Puerto Rico,PRI,AME,2014,63,31,3,4.37
Puerto Rico,PRI,AME,2013,62,33,3,6
Puerto Rico,PRI,AME,2012,63,33,3,4.9
Qatar,QAT,MENA,2019,62,30,7,8
Qatar,QAT,MENA,2018,62,33,7,8.08
Qatar,QAT,MENA,2017,63,29,7,7.5
Qatar,QAT,MENA,2016,61,31,7,7.02
Qatar,QAT,MENA,2015,71,22,6,6.63
Qatar,QAT,MENA,2014,69,27,6,7.21
Qatar,QAT,MENA,2013,68,28,6,7.2
Qatar,QAT,MENA,2012,68,27,6,6.4
Spain,ESP,WE/EU,2019,62,30,8,3.17
Spain,ESP,WE/EU,2018,58,41,8,4.33
Spain,ESP,WE/EU,2017,57,42,8,3.78
Spain,ESP,WE/EU,2016,58,41,7,4.09
Spain,ESP,WE/EU,2015,58,37,7,4.07
Spain,ESP,WE/EU,2014,60,38,7,3.75
Spain,ESP,WE/EU,2013,59,40,7,4.9
Spain,ESP,WE/EU,2012,65,30,7,2.9
Botswana,BWA,SSA,2019,61,34,7,3.73
Botswana,BWA,SSA,2018,61,34,7,2.76
Botswana,BWA,SSA,2017,61,34,7,2.74
Botswana,BWA,SSA,2016,60,35,6,3.1
Botswana,BWA,SSA,2015,63,29,6,2.35
Botswana,BWA,SSA,2014,63,31,6,1.93
Botswana,BWA,SSA,2013,64,30,7,1.6
Botswana,BWA,SSA,2012,65,30,7,1.9
Brunei Dar,BRN,AP,2019,60,35,3,6.12
Brunei Dar,BRN,AP,2018,63,31,3,6.62
Brunei Dar,BRN,AP,2017,62,32,3,8.72
Brunei Dar,BRN,AP,2016,58,41,3,8.85
Brunei Dar,BRN,AP,2015,,,,
Brunei Dar,BRN,AP,2014,,,,
Brunei Dar,BRN,AP,2013,60,38,3,10.4
Brunei Dar,BRN,AP,2012,55,46,3,9.1
Israel,ISR,MENA,2019,60,35,7,1.99
Israel,ISR,MENA,2018,61,34,7,1.49
Israel,ISR,MENA,2017,62,32,7,2.19
Israel,ISR,MENA,2016,64,28,6,2.27
Israel,ISR,MENA,2015,61,32,6,2.78
Israel,ISR,MENA,2014,60,38,6,2.34
Israel,ISR,MENA,2013,61,36,6,1.6
Israel,ISR,MENA,2012,60,39,5,2.9
Slovenia,SVN,WE/EU,2019,60,35,10,2.28
Slovenia,SVN,WE/EU,2018,60,36,10,2.37
Slovenia,SVN,WE/EU,2017,61,34,10,2.78
Slovenia,SVN,WE/EU,2016,61,31,10,2.44
Slovenia,SVN,WE/EU,2015,60,34,9,2.93
Slovenia,SVN,WE/EU,2014,58,40,9,3.03
Slovenia,SVN,WE/EU,2013,57,43,9,3.6
Slovenia,SVN,WE/EU,2012,61,37,8,3.9
Lithuania,LTU,WE/EU,2019,60,35,9,2.32
Lithuania,LTU,WE/EU,2018,59,38,9,2.3
Lithuania,LTU,WE/EU,2017,59,38,9,2.21
Lithuania,LTU,WE/EU,2016,59,38,9,1.36
Lithuania,LTU,WE/EU,2015,59,36,8,1.92
Lithuania,LTU,WE/EU,2014,58,40,8,3.85
Lithuania,LTU,WE/EU,2013,57,43,8,3.8
Lithuania,LTU,WE/EU,2012,54,48,7,5.3
Saint Vince,VCT,AME,2019,59,39,3,4.14
Saint Vince,VCT,AME,2018,58,41,3,3.39
Saint Vince,VCT,AME,2017,58,40,3,3.39
Saint Vince,VCT,AME,2016,60,35,3,1.66
Saint Vince,VCT,AME,2015,,,,
Saint Vince,VCT,AME,2014,62,35,3,5.59
Saint Vince,VCT,AME,2013,62,33,3,5.6
Saint Vince,VCT,AME,2012,62,36,3,5.6
"Korea, Sout",KOR,AP,2019,59,39,10,2.44
"Korea, Sout",KOR,AP,2018,57,45,10,2.74
"Korea, Sout",KOR,AP,2017,54,51,10,2.24
"Korea, Sout",KOR,AP,2016,53,52,9,2.33
"Korea, Sout",KOR,AP,2015,54,43,9,2.29
"Korea, Sout",KOR,AP,2014,55,44,9,2.64
"Korea, Sout",KOR,AP,2013,55,46,10,2.4
"Korea, Sout",KOR,AP,2012,56,45,10,2.4
Poland,POL,WE/EU,2019,58,41,10,1.85
Poland,POL,WE/EU,2018,60,36,10,1.69
Poland,POL,WE/EU,2017,60,36,10,1.36
Poland,POL,WE/EU,2016,62,29,10,1.77
Poland,POL,WE/EU,2015,63,29,9,2.59
Poland,POL,WE/EU,2014,61,36,9,2.7
Poland,POL,WE/EU,2013,60,38,10,2.3
Poland,POL,WE/EU,2012,58,41,10,2
Cyprus,CYP,WE/EU,2019,58,41,7,3.41
Cyprus,CYP,WE/EU,2018,59,38,7,3.54
Cyprus,CYP,WE/EU,2017,57,42,7,3.78
Cyprus,CYP,WE/EU,2016,55,47,5,5.94
Cyprus,CYP,WE/EU,2015,61,32,5,4.17
Cyprus,CYP,WE/EU,2014,63,31,5,3.92
Cyprus,CYP,WE/EU,2013,63,31,5,3.9
Cyprus,CYP,WE/EU,2012,66,29,4,2.4
Cabo Verde,CPV,SSA,2019,58,41,4,4.3
Cabo Verde,CPV,SSA,2018,57,45,4,4.22
Cabo Verde,CPV,SSA,2017,55,48,4,4.19
Cabo Verde,CPV,SSA,2016,59,38,3,5.72
Cabo Verde,CPV,SSA,2015,55,40,4,6.16
Cabo Verde,CPV,SSA,2014,57,43,4,5.94
Cabo Verde,CPV,SSA,2013,58,41,4,4.8
Cabo Verde,CPV,SSA,2012,60,39,4,3.8
Costa Rica,CRI,AME,2019,56,44,7,3.97
Costa Rica,CRI,AME,2018,56,48,7,3.65
Costa Rica,CRI,AME,2017,59,38,7,2.98
Costa Rica,CRI,AME,2016,58,41,7,3.17
Costa Rica,CRI,AME,2015,55,40,6,2.71
Costa Rica,CRI,AME,2014,54,48,5,4.07
Costa Rica,CRI,AME,2013,53,49,5,4.1
Costa Rica,CRI,AME,2012,54,48,5,7
Latvia,LVA,WE/EU,2019,56,44,9,3.53
Latvia,LVA,WE/EU,2018,58,41,9,2.95
Latvia,LVA,WE/EU,2017,58,40,9,3.21
Latvia,LVA,WE/EU,2016,57,44,9,2.96
Latvia,LVA,WE/EU,2015,56,38,8,2.76
Latvia,LVA,WE/EU,2014,55,44,8,3.35
Latvia,LVA,WE/EU,2013,53,49,8,3.6
Latvia,LVA,WE/EU,2012,49,54,6,4
Czech Repu,CZE,WE/EU,2019,56,44,10,1.87
Czech Repu,CZE,WE/EU,2018,59,38,10,2.28
Czech Repu,CZE,WE/EU,2017,57,42,10,1.98
Czech Repu,CZE,WE/EU,2016,55,47,9,2.24
Czech Repu,CZE,WE/EU,2015,56,38,9,2.21
Czech Repu,CZE,WE/EU,2014,51,53,9,2.94
Czech Repu,CZE,WE/EU,2013,48,57,10,3
Czech Repu,CZE,WE/EU,2012,49,54,10,2.9
Georgia,GEO,ECA,2019,56,44,5,3.84
Georgia,GEO,ECA,2018,58,41,6,3.92
Georgia,GEO,ECA,2017,56,46,6,3.1
Georgia,GEO,ECA,2016,57,44,6,3.61
Georgia,GEO,ECA,2015,52,48,5,6.53
Georgia,GEO,ECA,2014,52,51,6,6.47
Georgia,GEO,ECA,2013,49,55,6,6.9
Georgia,GEO,ECA,2012,52,51,6,6
Dominica,DMA,AME,2019,55,48,3,2.16
Dominica,DMA,AME,2018,57,45,3,2.55
Dominica,DMA,AME,2017,57,42,3,2.55
Dominica,DMA,AME,2016,59,38,3,0.85
Dominica,DMA,AME,2015,,,,
Dominica,DMA,AME,2014,58,40,3,2.34
Dominica,DMA,AME,2013,58,41,3,2.3
Dominica,DMA,AME,2012,58,41,3,2.3
Saint Lucia,LCA,AME,2019,55,48,3,4.15
Saint Lucia,LCA,AME,2018,55,50,3,4.27
Saint Lucia,LCA,AME,2017,55,48,3,4.27
Saint Lucia,LCA,AME,2016,60,35,3,6.8
Saint Lucia,LCA,AME,2015,,,,
Saint Lucia,LCA,AME,2014,71,24,3,0.84
Saint Lucia,LCA,AME,2013,71,22,3,0.8
Saint Lucia,LCA,AME,2012,71,22,3,0.8
Malta,MLT,WE/EU,2019,54,50,6,1.55
Malta,MLT,WE/EU,2018,54,51,5,1.39
Malta,MLT,WE/EU,2017,56,46,5,1.18
Malta,MLT,WE/EU,2016,55,47,5,1.39
Malta,MLT,WE/EU,2015,60,34,4,1.32
Malta,MLT,WE/EU,2014,55,44,5,2.63
Malta,MLT,WE/EU,2013,56,45,5,2.4
Malta,MLT,WE/EU,2012,57,43,4,2.4
Rwanda,RWA,SSA,2019,53,51,7,4.75
Rwanda,RWA,SSA,2018,56,48,6,6.07
Rwanda,RWA,SSA,2017,55,48,6,6
Rwanda,RWA,SSA,2016,54,50,6,5.07
Rwanda,RWA,SSA,2015,54,43,5,6.42
Rwanda,RWA,SSA,2014,49,55,4,3.23
Rwanda,RWA,SSA,2013,53,49,5,5.7
Rwanda,RWA,SSA,2012,53,50,5,6.3
Grenada,GRD,AME,2019,53,51,3,4.37
Grenada,GRD,AME,2018,52,53,3,3
Grenada,GRD,AME,2017,52,52,3,3
Grenada,GRD,AME,2016,56,46,3,4.63
Grenada,GRD,AME,2015,,,,
Grenada,GRD,AME,2014,,,,
Grenada,GRD,AME,2013,,,,
Grenada,GRD,AME,2012,,,,
Italy,ITA,WE/EU,2019,53,51,8,3.22
Italy,ITA,WE/EU,2018,52,53,8,3.29
Italy,ITA,WE/EU,2017,50,54,8,3.72
Italy,ITA,WE/EU,2016,47,60,7,3.34
Italy,ITA,WE/EU,2015,44,61,7,2.5
Italy,ITA,WE/EU,2014,43,69,7,2.26
Italy,ITA,WE/EU,2013,43,69,7,2.5
Italy,ITA,WE/EU,2012,42,72,7,2.4
Saudi Arabi,SAU,MENA,2019,53,51,7,7.56
Saudi Arabi,SAU,MENA,2018,49,58,7,6.34
Saudi Arabi,SAU,MENA,2017,49,57,7,6.14
Saudi Arabi,SAU,MENA,2016,46,62,5,7.54
Saudi Arabi,SAU,MENA,2015,52,48,5,7.03
Saudi Arabi,SAU,MENA,2014,49,55,5,6.69
Saudi Arabi,SAU,MENA,2013,46,63,5,6.7
Saudi Arabi,SAU,MENA,2012,44,66,5,6.4
Malaysia,MYS,AP,2019,53,51,9,2.29
Malaysia,MYS,AP,2018,47,61,9,2.86
Malaysia,MYS,AP,2017,47,62,9,2.67
Malaysia,MYS,AP,2016,49,55,8,2.46
Malaysia,MYS,AP,2015,50,54,8,3
Malaysia,MYS,AP,2014,52,51,8,2.88
Malaysia,MYS,AP,2013,50,53,9,3.4
Malaysia,MYS,AP,2012,49,54,9,3.4
Namibia,NAM,SSA,2019,52,56,7,3.13
Namibia,NAM,SSA,2018,53,52,6,3.72
Namibia,NAM,SSA,2017,51,53,6,3.22
Namibia,NAM,SSA,2016,52,53,5,2.03
Namibia,NAM,SSA,2015,53,45,5,2.75
Namibia,NAM,SSA,2014,49,55,5,4
Namibia,NAM,SSA,2013,48,57,6,3.4
Namibia,NAM,SSA,2012,48,58,6,3.5
Mauriaus,MUS,SSA,2019,52,56,6,3.12
Mauriaus,MUS,SSA,2018,51,56,5,3.83
Mauriaus,MUS,SSA,2017,50,54,5,4.41
Mauriaus,MUS,SSA,2016,54,50,4,2.14
Mauriaus,MUS,SSA,2015,53,45,4,1.49
Mauriaus,MUS,SSA,2014,54,48,4,2.39
Mauriaus,MUS,SSA,2013,52,52,5,1.1
Mauriaus,MUS,SSA,2012,57,43,5,3.5
Oman,OMN,MENA,2019,52,56,6,9.78
Oman,OMN,MENA,2018,52,53,6,9.46
Oman,OMN,MENA,2017,44,68,5,7
Oman,OMN,MENA,2016,45,64,5,7.07
Oman,OMN,MENA,2015,45,60,5,6.69
Oman,OMN,MENA,2014,45,64,5,6.55
Oman,OMN,MENA,2013,47,61,5,7.8
Oman,OMN,MENA,2012,47,61,5,7.6
Slovakia,SVK,WE/EU,2019,50,59,9,4.57
Slovakia,SVK,WE/EU,2018,50,57,9,4.11
Slovakia,SVK,WE/EU,2017,50,54,9,3.32
Slovakia,SVK,WE/EU,2016,51,54,8,3.09
Slovakia,SVK,WE/EU,2015,51,50,8,3.63
Slovakia,SVK,WE/EU,2014,50,54,8,4.07
Slovakia,SVK,WE/EU,2013,47,61,8,4.7
Slovakia,SVK,WE/EU,2012,46,62,8,4.3
Jordan,JOR,MENA,2019,48,60,8,3.29
Jordan,JOR,MENA,2018,49,58,8,3.21
Jordan,JOR,MENA,2017,48,59,8,2.99
Jordan,JOR,MENA,2016,48,57,8,3.03
Jordan,JOR,MENA,2015,53,45,7,3
Jordan,JOR,MENA,2014,49,55,7,2.87
Jordan,JOR,MENA,2013,45,66,7,2.4
Jordan,JOR,MENA,2012,48,58,7,3.1
Greece,GRC,WE/EU,2019,48,60,8,2.57
Greece,GRC,WE/EU,2018,45,67,8,2.51
Greece,GRC,WE/EU,2017,48,59,8,2.98
Greece,GRC,WE/EU,2016,44,69,7,2.5
Greece,GRC,WE/EU,2015,46,58,7,5.08
Greece,GRC,WE/EU,2014,43,69,7,5.56
Greece,GRC,WE/EU,2013,40,80,7,4.5
Greece,GRC,WE/EU,2012,36,94,7,3.6
Cuba,CUB,AME,2019,48,60,5,1.87
Cuba,CUB,AME,2018,47,61,5,2.56
Cuba,CUB,AME,2017,47,62,5,2.36
Cuba,CUB,AME,2016,47,60,5,2.9
Cuba,CUB,AME,2015,47,56,4,3.64
Cuba,CUB,AME,2014,46,63,4,4.46
Cuba,CUB,AME,2013,46,63,4,4.5
Cuba,CUB,AME,2012,48,58,4,4.1
Croaaa,HRV,WE/EU,2019,47,63,10,2.42
Croaaa,HRV,WE/EU,2018,48,60,10,2.77
Croaaa,HRV,WE/EU,2017,49,57,10,2.64
Croaaa,HRV,WE/EU,2016,49,55,9,2.39
Croaaa,HRV,WE/EU,2015,51,50,9,2.02
Croaaa,HRV,WE/EU,2014,48,61,9,3.25
Croaaa,HRV,WE/EU,2013,48,57,9,3.3
Croaaa,HRV,WE/EU,2012,46,62,8,3.1
Sao Tome a,STP,SSA,2019,46,64,4,5.36
Sao Tome a,STP,SSA,2018,46,64,4,5.05
Sao Tome a,STP,SSA,2017,46,64,4,5.21
Sao Tome a,STP,SSA,2016,46,62,3,0.93
Sao Tome a,STP,SSA,2015,42,66,3,5
Sao Tome a,STP,SSA,2014,42,76,3,5.05
Sao Tome a,STP,SSA,2013,42,72,3,5
Sao Tome a,STP,SSA,2012,42,72,3,5
Vanuatu,VUT,AP,2019,46,64,3,6.38
Vanuatu,VUT,AP,2018,46,64,3,5.97
Vanuatu,VUT,AP,2017,43,71,3,3.93
Vanuatu,VUT,AP,2016,,,,
Vanuatu,VUT,AP,2015,,,,
Vanuatu,VUT,AP,2014,,,,
Vanuatu,VUT,AP,2013,,,,
Vanuatu,VUT,AP,2012,,,,
Montenegr,MNE,ECA,2019,45,66,5,4.84
Montenegr,MNE,ECA,2018,45,67,5,4.43
Montenegr,MNE,ECA,2017,46,64,5,2.45
Montenegr,MNE,ECA,2016,45,64,4,2.89
Montenegr,MNE,ECA,2015,44,61,4,4.87
Montenegr,MNE,ECA,2014,42,76,4,4.25
Montenegr,MNE,ECA,2013,44,67,4,2.2
Montenegr,MNE,ECA,2012,41,75,4,4.5
Senegal,SEN,SSA,2019,45,66,9,2.06
Senegal,SEN,SSA,2018,45,67,9,2.51
Senegal,SEN,SSA,2017,45,66,9,2.52
Senegal,SEN,SSA,2016,45,64,8,2.63
Senegal,SEN,SSA,2015,44,61,8,2.61
Senegal,SEN,SSA,2014,43,69,8,2.28
Senegal,SEN,SSA,2013,41,77,9,1.5
Senegal,SEN,SSA,2012,36,94,9,1.8
Belarus,BLR,ECA,2019,45,66,7,4.2
Belarus,BLR,ECA,2018,44,70,7,3.92
Belarus,BLR,ECA,2017,44,68,7,4.12
Belarus,BLR,ECA,2016,40,79,7,3.93
Belarus,BLR,ECA,2015,32,106,6,4.37
Belarus,BLR,ECA,2014,31,119,5,4.04
Belarus,BLR,ECA,2013,29,123,5,4
Belarus,BLR,ECA,2012,31,123,5,3.6
Argenana,ARG,AME,2019,45,66,8,3.29
Argenana,ARG,AME,2018,40,85,8,2.7
Argenana,ARG,AME,2017,39,85,8,2.92
Argenana,ARG,AME,2016,36,95,8,1.76
Argenana,ARG,AME,2015,32,106,7,1.84
Argenana,ARG,AME,2014,34,107,7,2.42
Argenana,ARG,AME,2013,34,106,8,2.4
Argenana,ARG,AME,2012,35,102,8,2.6
Romania,ROU,WE/EU,2019,44,70,10,2.76
Romania,ROU,WE/EU,2018,47,61,10,3.25
Romania,ROU,WE/EU,2017,48,59,10,3.12
Romania,ROU,WE/EU,2016,48,57,10,3
Romania,ROU,WE/EU,2015,46,58,9,3.11
Romania,ROU,WE/EU,2014,43,69,9,3.6
Romania,ROU,WE/EU,2013,43,69,9,3
Romania,ROU,WE/EU,2012,44,66,8,3.7
Hungary,HUN,WE/EU,2019,44,70,10,2.58
Hungary,HUN,WE/EU,2018,46,64,10,2.79
Hungary,HUN,WE/EU,2017,45,66,10,2.89
Hungary,HUN,WE/EU,2016,48,57,9,2.89
Hungary,HUN,WE/EU,2015,51,50,9,3.73
Hungary,HUN,WE/EU,2014,54,48,9,3.45
Hungary,HUN,WE/EU,2013,54,47,10,3.6
Hungary,HUN,WE/EU,2012,55,46,10,3.5
South Afric,ZAF,SSA,2019,44,70,8,3.44
South Afric,ZAF,SSA,2018,43,73,8,3.8
South Afric,ZAF,SSA,2017,43,71,8,3.98
South Afric,ZAF,SSA,2016,45,64,7,2.55
South Afric,ZAF,SSA,2015,44,61,7,2.61
South Afric,ZAF,SSA,2014,44,67,7,2.41
South Afric,ZAF,SSA,2013,42,72,9,2.8
South Afric,ZAF,SSA,2012,43,69,9,2.5
Suriname,SUR,AME,2019,44,70,4,4.76
Suriname,SUR,AME,2018,43,73,4,3.22
Suriname,SUR,AME,2017,41,77,4,4.08
Suriname,SUR,AME,2016,45,64,4,7.53
Suriname,SUR,AME,2015,36,88,3,3.21
Suriname,SUR,AME,2014,36,100,3,3.25
Suriname,SUR,AME,2013,36,94,3,3.2
Suriname,SUR,AME,2012,37,88,3,3.2
Jamaica,JAM,AME,2019,43,74,7,3.58
Jamaica,JAM,AME,2018,44,70,7,3.37
Jamaica,JAM,AME,2017,44,68,7,3.96
Jamaica,JAM,AME,2016,39,83,6,1.84
Jamaica,JAM,AME,2015,41,69,6,1.68
Jamaica,JAM,AME,2014,38,85,6,1.8
Jamaica,JAM,AME,2013,38,83,6,1.8
Jamaica,JAM,AME,2012,38,83,6,2.2
Bulgaria,BGR,WE/EU,2019,43,74,10,2.77
Bulgaria,BGR,WE/EU,2018,42,77,10,2.41
Bulgaria,BGR,WE/EU,2017,43,71,10,2.66
Bulgaria,BGR,WE/EU,2016,41,75,9,2.2
Bulgaria,BGR,WE/EU,2015,41,69,9,2.43
Bulgaria,BGR,WE/EU,2014,43,69,9,2.82
Bulgaria,BGR,WE/EU,2013,41,77,9,3.3
Bulgaria,BGR,WE/EU,2012,41,75,8,3.8
Tunisia,TUN,MENA,2019,43,74,7,3.94
Tunisia,TUN,MENA,2018,43,73,7,3.86
Tunisia,TUN,MENA,2017,42,74,7,3.73
Tunisia,TUN,MENA,2016,41,75,7,3.9
Tunisia,TUN,MENA,2015,38,76,6,2.17
Tunisia,TUN,MENA,2014,40,79,6,1.72
Tunisia,TUN,MENA,2013,41,77,7,1.9
Tunisia,TUN,MENA,2012,41,75,7,2.8
Solomon Is,SLB,AP,2019,42,77,3,8.69
Solomon Is,SLB,AP,2018,44,70,3,7.38
Solomon Is,SLB,AP,2017,39,85,3,3.71
Solomon Is,SLB,AP,2016,42,72,3,3.34
Solomon Is,SLB,AP,2015,,,,
Solomon Is,SLB,AP,2014,,,,
Solomon Is,SLB,AP,2013,,,,
Solomon Is,SLB,AP,2012,,,,
Bahrain,BHR,MENA,2019,42,77,6,7.65
Bahrain,BHR,MENA,2018,36,99,4,1.81
Bahrain,BHR,MENA,2017,36,103,4,1.81
Bahrain,BHR,MENA,2016,43,70,5,5.96
Bahrain,BHR,MENA,2015,51,50,5,7.86
Bahrain,BHR,MENA,2014,49,55,5,6.11
Bahrain,BHR,MENA,2013,48,57,5,5.4
Bahrain,BHR,MENA,2012,51,53,5,4.1
Armenia,ARM,ECA,2019,42,77,6,4.31
Armenia,ARM,ECA,2018,35,105,6,4
Armenia,ARM,ECA,2017,35,107,6,3.79
Armenia,ARM,ECA,2016,33,113,6,4.01
Armenia,ARM,ECA,2015,35,95,5,2.98
Armenia,ARM,ECA,2014,37,94,6,3.69
Armenia,ARM,ECA,2013,36,94,6,3.5
Armenia,ARM,ECA,2012,34,105,6,2.7
China,CHN,AP,2019,41,80,8,2.1
China,CHN,AP,2018,39,87,8,2.02
China,CHN,AP,2017,41,77,9,1.96
China,CHN,AP,2016,40,79,8,2.39
China,CHN,AP,2015,37,83,8,2.34
China,CHN,AP,2014,36,100,8,2.17
China,CHN,AP,2013,40,80,9,2.9
China,CHN,AP,2012,39,80,9,2.9
Morocco,MAR,MENA,2019,41,80,7,3.15
Morocco,MAR,MENA,2018,43,73,7,3.68
Morocco,MAR,MENA,2017,40,81,7,2.6
Morocco,MAR,MENA,2016,37,90,7,1.74
Morocco,MAR,MENA,2015,36,88,6,3.85
Morocco,MAR,MENA,2014,39,80,6,3.57
Morocco,MAR,MENA,2013,37,91,8,2.9
Morocco,MAR,MENA,2012,37,88,8,3.2
Ghana,GHA,SSA,2019,41,80,9,2.76
Ghana,GHA,SSA,2018,41,78,9,2.54
Ghana,GHA,SSA,2017,40,81,9,2.56
Ghana,GHA,SSA,2016,43,70,9,2.89
Ghana,GHA,SSA,2015,47,56,8,2.82
Ghana,GHA,SSA,2014,48,61,8,3.01
Ghana,GHA,SSA,2013,46,63,9,3.3
Ghana,GHA,SSA,2012,45,64,9,3.8
India,IND,AP,2019,41,80,9,1.6
India,IND,AP,2018,41,78,9,2.42
India,IND,AP,2017,40,81,9,2.16
India,IND,AP,2016,40,79,8,2.47
India,IND,AP,2015,38,76,8,3.14
India,IND,AP,2014,38,85,9,2.27
India,IND,AP,2013,36,94,10,2.2
India,IND,AP,2012,36,94,10,2.1
Benin,BEN,SSA,2019,41,80,7,2.64
Benin,BEN,SSA,2018,40,85,6,3.14
Benin,BEN,SSA,2017,39,85,6,4.17
Benin,BEN,SSA,2016,36,95,6,3.8
Benin,BEN,SSA,2015,37,83,5,4.43
Benin,BEN,SSA,2014,39,80,4,4.38
Benin,BEN,SSA,2013,36,94,6,3.4
Benin,BEN,SSA,2012,36,94,6,4.3
Burkina Fas,BFA,SSA,2019,40,85,8,2.54
Burkina Fas,BFA,SSA,2018,41,78,8,1.81
Burkina Fas,BFA,SSA,2017,42,74,7,2.18
Burkina Fas,BFA,SSA,2016,42,72,7,2.47
Burkina Fas,BFA,SSA,2015,38,76,7,2.97
Burkina Fas,BFA,SSA,2014,38,85,7,2.67
Burkina Fas,BFA,SSA,2013,38,83,7,3.9
Burkina Fas,BFA,SSA,2012,38,83,7,4.4
Lesotho,LSO,SSA,2019,40,85,6,3.95
Lesotho,LSO,SSA,2018,41,78,6,3.67
Lesotho,LSO,SSA,2017,42,74,6,4.08
Lesotho,LSO,SSA,2016,39,83,5,6.15
Lesotho,LSO,SSA,2015,44,61,5,4.99
Lesotho,LSO,SSA,2014,49,55,5,3.55
Lesotho,LSO,SSA,2013,49,55,5,3.6
Lesotho,LSO,SSA,2012,45,64,5,4.6
Trinidad an,TTO,AME,2019,40,85,7,5.38
Trinidad an,TTO,AME,2018,41,78,6,5.8
Trinidad an,TTO,AME,2017,41,77,6,5.47
Trinidad an,TTO,AME,2016,35,101,5,2.48
Trinidad an,TTO,AME,2015,39,72,4,4.64
Trinidad an,TTO,AME,2014,38,85,4,4.82
Trinidad an,TTO,AME,2013,38,83,4,5.1
Trinidad an,TTO,AME,2012,39,80,4,4.5
Kuwait,KWT,MENA,2019,40,85,6,1.88
Kuwait,KWT,MENA,2018,41,78,6,3.47
Kuwait,KWT,MENA,2017,39,85,6,2.47
Kuwait,KWT,MENA,2016,41,75,5,2.67
Kuwait,KWT,MENA,2015,49,55,5,4.51
Kuwait,KWT,MENA,2014,44,67,5,5.24
Kuwait,KWT,MENA,2013,43,69,5,3.9
Kuwait,KWT,MENA,2012,44,66,5,3.9
Guyana,GUY,AME,2019,40,85,5,3.34
Guyana,GUY,AME,2018,37,93,5,0.77
Guyana,GUY,AME,2017,38,91,5,1.84
Guyana,GUY,AME,2016,34,108,6,3.57
Guyana,GUY,AME,2015,29,119,4,3.01
Guyana,GUY,AME,2014,30,124,4,3.03
Guyana,GUY,AME,2013,27,136,4,2.9
Guyana,GUY,AME,2012,28,133,4,2.1
Indonesia,IDN,AP,2019,40,85,9,3.76
Indonesia,IDN,AP,2018,38,89,9,3.35
Indonesia,IDN,AP,2017,37,96,9,3.12
Indonesia,IDN,AP,2016,37,90,8,2.39
Indonesia,IDN,AP,2015,36,88,8,3.39
Indonesia,IDN,AP,2014,34,107,8,3.57
Indonesia,IDN,AP,2013,32,114,9,3.5
Indonesia,IDN,AP,2012,32,118,9,2.9
Serbia,SRB,ECA,2019,39,91,8,2.48
Serbia,SRB,ECA,2018,39,87,8,2.89
Serbia,SRB,ECA,2017,41,77,8,2.8
Serbia,SRB,ECA,2016,42,72,7,3.69
Serbia,SRB,ECA,2015,40,71,7,3.9
Serbia,SRB,ECA,2014,41,78,7,2.92
Serbia,SRB,ECA,2013,42,72,7,3.4
Serbia,SRB,ECA,2012,39,80,7,2.6
Turkey,TUR,ECA,2019,39,91,9,3.34
Turkey,TUR,ECA,2018,41,78,9,3.03
Turkey,TUR,ECA,2017,40,81,8,1.8
Turkey,TUR,ECA,2016,41,75,9,1.8
Turkey,TUR,ECA,2015,42,66,8,2.02
Turkey,TUR,ECA,2014,45,64,8,2.69
Turkey,TUR,ECA,2013,50,53,9,2.4
Turkey,TUR,ECA,2012,49,54,9,2.1
Sri Lanka,LKA,AP,2019,38,93,7,2.11
Sri Lanka,LKA,AP,2018,38,89,7,1.85
Sri Lanka,LKA,AP,2017,38,91,7,1.82
Sri Lanka,LKA,AP,2016,36,95,7,1.64
Sri Lanka,LKA,AP,2015,37,83,7,2.09
Sri Lanka,LKA,AP,2014,38,85,7,2.18
Sri Lanka,LKA,AP,2013,37,91,7,2.1
Sri Lanka,LKA,AP,2012,40,79,7,1.3
Timor-Leste,TLS,AP,2019,38,93,4,4.5
Timor-Leste,TLS,AP,2018,35,105,3,4.81
Timor-Leste,TLS,AP,2017,38,91,3,7.5
Timor-Leste,TLS,AP,2016,35,101,3,5.97
Timor-Leste,TLS,AP,2015,28,123,3,5.17
Timor-Leste,TLS,AP,2014,28,133,3,5.18
Timor-Leste,TLS,AP,2013,30,119,3,3.2
Timor-Leste,TLS,AP,2012,33,113,3,5.6
Ecuador,ECU,AME,2019,38,93,7,2.19
Ecuador,ECU,AME,2018,34,114,7,3.46
Ecuador,ECU,AME,2017,32,117,7,2.66
Ecuador,ECU,AME,2016,31,120,6,1.96
Ecuador,ECU,AME,2015,32,106,6,2.86
Ecuador,ECU,AME,2014,33,110,5,3.56
Ecuador,ECU,AME,2013,35,102,6,3.6
Ecuador,ECU,AME,2012,32,118,6,2.9
Colombia,COL,AME,2019,37,96,8,2.49
Colombia,COL,AME,2018,36,99,8,2.51
Colombia,COL,AME,2017,37,96,8,2.77
Colombia,COL,AME,2016,37,90,8,2.27
Colombia,COL,AME,2015,37,83,7,1.94
Colombia,COL,AME,2014,37,94,7,1.68
Colombia,COL,AME,2013,36,94,7,2
Colombia,COL,AME,2012,36,94,7,2.6
Tanzania,TZA,SSA,2019,37,96,9,1.92
Tanzania,TZA,SSA,2018,36,99,9,1.83
Tanzania,TZA,SSA,2017,36,103,9,1.55
Tanzania,TZA,SSA,2016,32,116,9,1.84
Tanzania,TZA,SSA,2015,30,117,8,3.49
Tanzania,TZA,SSA,2014,31,119,8,3.2
Tanzania,TZA,SSA,2013,33,111,8,2.7
Tanzania,TZA,SSA,2012,35,102,8,2.1
Ethiopia,ETH,SSA,2019,37,96,9,1.52
Ethiopia,ETH,SSA,2018,34,114,8,1.52
Ethiopia,ETH,SSA,2017,35,107,9,1.36
Ethiopia,ETH,SSA,2016,34,108,9,1.37
Ethiopia,ETH,SSA,2015,33,102,8,2.73
Ethiopia,ETH,SSA,2014,33,110,8,2.54
Ethiopia,ETH,SSA,2013,33,111,8,2.5
Ethiopia,ETH,SSA,2012,33,113,8,1.6
Vietnam,VNM,AP,2019,37,96,8,2.84
Vietnam,VNM,AP,2018,33,117,8,2.84
Vietnam,VNM,AP,2017,35,107,8,2.78
Vietnam,VNM,AP,2016,33,113,8,2.46
Vietnam,VNM,AP,2015,31,111,8,2.56
Vietnam,VNM,AP,2014,31,119,8,2.55
Vietnam,VNM,AP,2013,31,116,8,2.6
Vietnam,VNM,AP,2012,31,123,8,2.5
Gambia,GMB,SSA,2019,37,96,7,5.98
Gambia,GMB,SSA,2018,37,93,6,9.44
Gambia,GMB,SSA,2017,30,130,6,6.22
Gambia,GMB,SSA,2016,26,145,5,7.2
Gambia,GMB,SSA,2015,28,123,5,6.67
Gambia,GMB,SSA,2014,29,126,5,7.55
Gambia,GMB,SSA,2013,28,127,5,6.7
Gambia,GMB,SSA,2012,34,105,5,7
Kosovo,KSV,ECA,2019,36,101,5,0.81
Kosovo,KSV,ECA,2018,37,93,5,1.49
Kosovo,KSV,ECA,2017,39,85,5,2.13
Kosovo,KSV,ECA,2016,36,95,5,3.17
Kosovo,KSV,ECA,2015,33,102,3,2.19
Kosovo,KSV,ECA,2014,33,110,3,2.33
Kosovo,KSV,ECA,2013,33,111,3,2.3
Kosovo,KSV,ECA,2012,34,105,3,1.5
Bosnia and,BIH,ECA,2019,36,101,7,1.95
Bosnia and,BIH,ECA,2018,38,89,7,1.86
Bosnia and,BIH,ECA,2017,38,91,7,2.56
Bosnia and,BIH,ECA,2016,39,83,7,1.7
Bosnia and,BIH,ECA,2015,38,76,6,1.71
Bosnia and,BIH,ECA,2014,39,80,6,1.15
Bosnia and,BIH,ECA,2013,42,72,7,2.9
Bosnia and,BIH,ECA,2012,42,72,7,2.3
Panama,PAN,AME,2019,36,101,7,1.37
Panama,PAN,AME,2018,37,93,7,1.76
Panama,PAN,AME,2017,37,96,7,1.79
Panama,PAN,AME,2016,38,87,6,2.29
Panama,PAN,AME,2015,39,72,6,3.01
Panama,PAN,AME,2014,37,94,6,3.49
Panama,PAN,AME,2013,35,102,6,2.2
Panama,PAN,AME,2012,38,83,6,3.1
Thailand,THA,AP,2019,36,101,9,2.45
Thailand,THA,AP,2018,36,99,9,2.08
Thailand,THA,AP,2017,37,96,9,2.03
Thailand,THA,AP,2016,35,101,9,2.44
Thailand,THA,AP,2015,38,76,8,2.12
Thailand,THA,AP,2014,38,85,8,1.6
Thailand,THA,AP,2013,35,102,8,1.2
Thailand,THA,AP,2012,37,88,8,1.6
Peru,PER,AME,2019,36,101,8,3.07
Peru,PER,AME,2018,35,105,8,3.1
Peru,PER,AME,2017,37,96,8,3.35
Peru,PER,AME,2016,35,101,7,2.04
Peru,PER,AME,2015,36,88,7,3.05
Peru,PER,AME,2014,38,85,7,2.63
Peru,PER,AME,2013,38,83,7,2.5
Peru,PER,AME,2012,38,83,7,2.1
Albania,ALB,ECA,2019,35,106,8,2.51
Albania,ALB,ECA,2018,36,99,8,1.65
Albania,ALB,ECA,2017,38,91,8,1.81
Albania,ALB,ECA,2016,39,83,7,1.99
Albania,ALB,ECA,2015,36,88,7,3.58
Albania,ALB,ECA,2014,33,110,7,1.51
Albania,ALB,ECA,2013,31,116,7,2.1
Albania,ALB,ECA,2012,33,113,7,2
Brazil,BRA,AME,2019,35,106,8,4.06
Brazil,BRA,AME,2018,35,105,8,4.05
Brazil,BRA,AME,2017,37,96,8,4.24
Brazil,BRA,AME,2016,40,79,8,4.34
Brazil,BRA,AME,2015,38,76,7,5.29
Brazil,BRA,AME,2014,43,69,7,4.01
Brazil,BRA,AME,2013,42,72,8,3.7
Brazil,BRA,AME,2012,43,69,8,3.3
Mongolia,MNG,AP,2019,35,106,9,1.89
Mongolia,MNG,AP,2018,37,93,9,1.94
Mongolia,MNG,AP,2017,36,103,9,1.4
Mongolia,MNG,AP,2016,38,87,9,1.7
Mongolia,MNG,AP,2015,39,72,8,1.76
Mongolia,MNG,AP,2014,39,80,7,2.13
Mongolia,MNG,AP,2013,38,83,7,2.2
Mongolia,MNG,AP,2012,36,94,7,2.6
Cote d'Ivoir,CIV,SSA,2019,35,106,9,2.49
Cote d'Ivoir,CIV,SSA,2018,35,105,9,2.05
Cote d'Ivoir,CIV,SSA,2017,36,103,8,2.03
Cote d'Ivoir,CIV,SSA,2016,34,108,8,2.03
Cote d'Ivoir,CIV,SSA,2015,32,106,8,2.65
Cote d'Ivoir,CIV,SSA,2014,32,115,8,4.2
Cote d'Ivoir,CIV,SSA,2013,27,136,8,2.3
Cote d'Ivoir,CIV,SSA,2012,29,130,8,2.4
North Mac,MKD,ECA,2019,35,106,7,3.56
North Mac,MKD,ECA,2018,37,93,7,3.38
North Mac,MKD,ECA,2017,35,107,6,4.49
North Mac,MKD,ECA,2016,37,90,7,4.97
North Mac,MKD,ECA,2015,42,66,6,5.27
North Mac,MKD,ECA,2014,45,64,6,5.92
North Mac,MKD,ECA,2013,44,67,6,5
North Mac,MKD,ECA,2012,43,69,6,4.7
Algeria,DZA,MENA,2019,35,106,7,2.59
Algeria,DZA,MENA,2018,35,105,6,1.21
Algeria,DZA,MENA,2017,33,112,6,2.32
Algeria,DZA,MENA,2016,34,108,6,2.94
Algeria,DZA,MENA,2015,36,88,5,1.85
Algeria,DZA,MENA,2014,36,100,5,2.06
Algeria,DZA,MENA,2013,36,94,6,2.8
Algeria,DZA,MENA,2012,34,105,6,3.3
Egypt,EGY,MENA,2019,35,106,7,4.86
Egypt,EGY,MENA,2018,35,105,7,4.59
Egypt,EGY,MENA,2017,32,117,7,4.04
Egypt,EGY,MENA,2016,34,108,6,2.72
Egypt,EGY,MENA,2015,36,88,6,2.47
Egypt,EGY,MENA,2014,37,94,6,2.91
Egypt,EGY,MENA,2013,32,114,7,3.1
Egypt,EGY,MENA,2012,32,118,7,3.1
Eswaani,SWZ,SSA,2019,34,113,4,6.08
Eswaani,SWZ,SSA,2018,38,89,3,4.48
Eswaani,SWZ,SSA,2017,39,85,3,5.81
Eswaani,SWZ,SSA,2016,,,,
Eswaani,SWZ,SSA,2015,,,,
Eswaani,SWZ,SSA,2014,43,69,3,2.98
Eswaani,SWZ,SSA,2013,39,82,4,1.8
Eswaani,SWZ,SSA,2012,37,88,4,2.1
Zambia,ZMB,SSA,2019,34,113,9,1.97
Zambia,ZMB,SSA,2018,35,105,9,1.93
Zambia,ZMB,SSA,2017,37,96,9,2.46
Zambia,ZMB,SSA,2016,38,87,9,2.91
Zambia,ZMB,SSA,2015,38,76,8,2.55
Zambia,ZMB,SSA,2014,38,85,8,2.27
Zambia,ZMB,SSA,2013,38,83,8,2.1
Zambia,ZMB,SSA,2012,37,88,8,3.1
Philippines,PHL,AP,2019,34,113,9,1.59
Philippines,PHL,AP,2018,36,99,9,1.55
Philippines,PHL,AP,2017,34,111,9,1.9
Philippines,PHL,AP,2016,35,101,9,1.58
Philippines,PHL,AP,2015,35,95,8,1.92
Philippines,PHL,AP,2014,38,85,8,1.84
Philippines,PHL,AP,2013,36,94,9,2.5
Philippines,PHL,AP,2012,34,105,9,2.2
El Salvador,SLV,AME,2019,34,113,7,2.56
El Salvador,SLV,AME,2018,35,105,7,2.59
El Salvador,SLV,AME,2017,33,112,7,3.25
El Salvador,SLV,AME,2016,36,95,7,2.76
El Salvador,SLV,AME,2015,39,72,6,2.26
El Salvador,SLV,AME,2014,39,80,6,1.98
El Salvador,SLV,AME,2013,38,83,6,2
El Salvador,SLV,AME,2012,38,83,6,2.8
Kazakhstan,KAZ,ECA,2019,34,113,9,4.18
Kazakhstan,KAZ,ECA,2018,31,124,9,3.6
Kazakhstan,KAZ,ECA,2017,31,122,9,3.59
Kazakhstan,KAZ,ECA,2016,29,131,9,3.35
Kazakhstan,KAZ,ECA,2015,28,123,8,4.9
Kazakhstan,KAZ,ECA,2014,29,126,8,4.4
Kazakhstan,KAZ,ECA,2013,26,140,8,3.3
Kazakhstan,KAZ,ECA,2012,28,133,8,4.1
Nepal,NPL,AP,2019,34,113,6,1.76
Nepal,NPL,AP,2018,31,124,6,1.85
Nepal,NPL,AP,2017,31,122,6,2
Nepal,NPL,AP,2016,29,131,6,2.33
Nepal,NPL,AP,2015,27,130,5,2.73
Nepal,NPL,AP,2014,29,126,5,2.2
Nepal,NPL,AP,2013,31,116,5,1.4
Nepal,NPL,AP,2012,27,139,5,2.4
Sierra Leon,SLE,SSA,2019,33,119,8,3.47
Sierra Leon,SLE,SSA,2018,30,129,9,2.17
Sierra Leon,SLE,SSA,2017,30,130,9,1.95
Sierra Leon,SLE,SSA,2016,30,123,8,2.94
Sierra Leon,SLE,SSA,2015,29,119,8,3.44
Sierra Leon,SLE,SSA,2014,31,119,8,2.3
Sierra Leon,SLE,SSA,2013,30,119,8,2.4
Sierra Leon,SLE,SSA,2012,31,123,8,1.9
Niger,NER,SSA,2019,32,120,7,1.72
Niger,NER,SSA,2018,34,114,6,2.98
Niger,NER,SSA,2017,33,112,6,3.27
Niger,NER,SSA,2016,35,101,5,3.25
Niger,NER,SSA,2015,34,98,5,4.16
Niger,NER,SSA,2014,35,103,5,3.99
Niger,NER,SSA,2013,34,106,5,3.7
Niger,NER,SSA,2012,33,113,5,3.1
Pakistan,PAK,AP,2019,32,120,8,2.46
Pakistan,PAK,AP,2018,33,117,8,2.06
Pakistan,PAK,AP,2017,32,117,8,2.11
Pakistan,PAK,AP,2016,32,116,7,2.12
Pakistan,PAK,AP,2015,30,117,7,3.12
Pakistan,PAK,AP,2014,29,126,7,3.24
Pakistan,PAK,AP,2013,28,127,8,3
Pakistan,PAK,AP,2012,27,139,8,2.3
Moldova,MDA,ECA,2019,32,120,9,2.4
Moldova,MDA,ECA,2018,33,117,9,2.13
Moldova,MDA,ECA,2017,31,122,9,1.54
Moldova,MDA,ECA,2016,30,123,9,2.18
Moldova,MDA,ECA,2015,33,102,8,2.88
Moldova,MDA,ECA,2014,35,103,8,2.7
Moldova,MDA,ECA,2013,35,102,8,2.8
Moldova,MDA,ECA,2012,36,94,8,2.6
Bolivia,BOL,AME,2019,31,123,7,3
Bolivia,BOL,AME,2018,29,132,7,3.6
Bolivia,BOL,AME,2017,33,112,6,2.98
Bolivia,BOL,AME,2016,33,113,8,2.85
Bolivia,BOL,AME,2015,34,98,7,3.58
Bolivia,BOL,AME,2014,35,103,7,2.98
Bolivia,BOL,AME,2013,34,106,7,3.7
Bolivia,BOL,AME,2012,34,105,7,3.7
Gabon,GAB,SSA,2019,31,123,6,2.41
Gabon,GAB,SSA,2018,31,124,4,3.92
Gabon,GAB,SSA,2017,32,117,4,3.22
Gabon,GAB,SSA,2016,35,101,4,0.97
Gabon,GAB,SSA,2015,34,98,4,1.65
Gabon,GAB,SSA,2014,37,94,4,4.19
Gabon,GAB,SSA,2013,34,106,5,1.5
Gabon,GAB,SSA,2012,35,102,5,2.1
Malawi,MWI,SSA,2019,31,123,9,1.78
Malawi,MWI,SSA,2018,32,120,9,2.61
Malawi,MWI,SSA,2017,31,122,9,1.85
Malawi,MWI,SSA,2016,31,120,9,2.11
Malawi,MWI,SSA,2015,31,111,8,2.41
Malawi,MWI,SSA,2014,33,110,8,3.03
Malawi,MWI,SSA,2013,37,91,8,1.7
Malawi,MWI,SSA,2012,37,88,8,1.5
Djiboua,DJI,SSA,2019,30,126,5,4.28
Djiboua,DJI,SSA,2018,31,124,4,5.38
Djiboua,DJI,SSA,2017,31,122,4,5.32
Djiboua,DJI,SSA,2016,30,123,3,8.23
Djiboua,DJI,SSA,2015,34,98,3,9.07
Djiboua,DJI,SSA,2014,34,107,3,9.1
Djiboua,DJI,SSA,2013,36,94,3,8.6
Djiboua,DJI,SSA,2012,36,94,3,8.6
Azerbaijan,AZE,ECA,2019,30,126,7,7.16
Azerbaijan,AZE,ECA,2018,25,152,6,4.09
Azerbaijan,AZE,ECA,2017,31,122,7,5.64
Azerbaijan,AZE,ECA,2016,30,123,7,5.13
Azerbaijan,AZE,ECA,2015,29,119,6,3.25
Azerbaijan,AZE,ECA,2014,29,126,6,3.02
Azerbaijan,AZE,ECA,2013,28,127,6,3.5
Azerbaijan,AZE,ECA,2012,27,139,6,2.5
Ukraine,UKR,ECA,2019,30,126,9,2.38
Ukraine,UKR,ECA,2018,32,120,9,2.27
Ukraine,UKR,ECA,2017,30,130,9,2.27
Ukraine,UKR,ECA,2016,29,131,9,1.97
Ukraine,UKR,ECA,2015,27,130,8,1.93
Ukraine,UKR,ECA,2014,26,142,8,1.64
Ukraine,UKR,ECA,2013,25,144,8,1.7
Ukraine,UKR,ECA,2012,26,144,8,1.8
Kyrgyzstan,KGZ,ECA,2019,30,126,7,2.54
Kyrgyzstan,KGZ,ECA,2018,29,132,7,2.37
Kyrgyzstan,KGZ,ECA,2017,29,135,7,2.59
Kyrgyzstan,KGZ,ECA,2016,28,136,7,2.08
Kyrgyzstan,KGZ,ECA,2015,28,123,6,2.29
Kyrgyzstan,KGZ,ECA,2014,27,136,6,2.35
Kyrgyzstan,KGZ,ECA,2013,24,150,6,2.3
Kyrgyzstan,KGZ,ECA,2012,24,154,6,1.8
Maldives,MDV,AP,2019,29,130,3,2.57
Maldives,MDV,AP,2018,31,124,3,2.24
Maldives,MDV,AP,2017,33,112,3,1.71
Maldives,MDV,AP,2016,36,95,3,5.66
Maldives,MDV,AP,2015,,,,
Maldives,MDV,AP,2014,,,,
Maldives,MDV,AP,2013,,,,
Maldives,MDV,AP,2012,,,,
Togo,TGO,SSA,2019,29,130,7,2.4
Togo,TGO,SSA,2018,30,129,6,2.35
Togo,TGO,SSA,2017,32,117,6,3.29
Togo,TGO,SSA,2016,32,116,5,4.21
Togo,TGO,SSA,2015,32,106,5,3.04
Togo,TGO,SSA,2014,29,126,5,3.69
Togo,TGO,SSA,2013,29,123,5,3.7
Togo,TGO,SSA,2012,30,128,5,3.4
Mali,MLI,SSA,2019,29,130,8,2.62
Mali,MLI,SSA,2018,32,120,7,1.38
Mali,MLI,SSA,2017,31,122,7,2.08
Mali,MLI,SSA,2016,32,116,6,1.75
Mali,MLI,SSA,2015,35,95,6,1.89
Mali,MLI,SSA,2014,32,115,6,3.37
Mali,MLI,SSA,2013,28,127,6,3.3
Mali,MLI,SSA,2012,34,105,6,4
Myanmar,MMR,AP,2019,29,130,7,4.21
Myanmar,MMR,AP,2018,29,132,7,3.94
Myanmar,MMR,AP,2017,30,130,7,3.91
Myanmar,MMR,AP,2016,28,136,8,3.69
Myanmar,MMR,AP,2015,22,147,7,2.82
Myanmar,MMR,AP,2014,21,156,7,2.87
Myanmar,MMR,AP,2013,21,157,6,3.9
Myanmar,MMR,AP,2012,15,172,4,3.7
Laos,LAO,AP,2019,29,130,5,5
Laos,LAO,AP,2018,29,132,5,5.7
Laos,LAO,AP,2017,29,135,5,5.89
Laos,LAO,AP,2016,30,123,4,6.19
Laos,LAO,AP,2015,25,139,4,5.31
Laos,LAO,AP,2014,25,145,4,3.8
Laos,LAO,AP,2013,26,140,4,5
Laos,LAO,AP,2012,21,160,3,1.3
Mexico,MEX,AME,2019,29,130,9,1.73
Mexico,MEX,AME,2018,28,138,9,1.83
Mexico,MEX,AME,2017,29,135,9,1.69
Mexico,MEX,AME,2016,30,123,8,1.56
Mexico,MEX,AME,2015,31,111,8,3.02
Mexico,MEX,AME,2014,35,103,8,1.66
Mexico,MEX,AME,2013,34,106,9,1.8
Mexico,MEX,AME,2012,34,105,9,1.7
Guinea,GIN,SSA,2019,29,130,8,2.5
Guinea,GIN,SSA,2018,28,138,6,2.67
Guinea,GIN,SSA,2017,27,148,7,2.37
Guinea,GIN,SSA,2016,27,142,5,2.54
Guinea,GIN,SSA,2015,25,139,6,3.16
Guinea,GIN,SSA,2014,25,145,7,3.21
Guinea,GIN,SSA,2013,24,150,7,3.6
Guinea,GIN,SSA,2012,24,154,7,2.7
Liberia,LBR,SSA,2019,28,137,7,2.67
Liberia,LBR,SSA,2018,32,120,8,3.31
Liberia,LBR,SSA,2017,31,122,8,3.24
Liberia,LBR,SSA,2016,37,90,7,3.43
Liberia,LBR,SSA,2015,37,83,7,4.22
Liberia,LBR,SSA,2014,37,94,6,3.09
Liberia,LBR,SSA,2013,38,83,7,3.3
Liberia,LBR,SSA,2012,41,75,7,3.9
Dominican,DOM,AME,2019,28,137,7,2.7
Dominican,DOM,AME,2018,30,129,7,2.57
Dominican,DOM,AME,2017,29,135,7,2.56
Dominican,DOM,AME,2016,31,120,6,1.89
Dominican,DOM,AME,2015,33,102,6,2.63
Dominican,DOM,AME,2014,32,115,6,3.3
Dominican,DOM,AME,2013,29,123,6,3.5
Dominican,DOM,AME,2012,32,118,6,2.7
Paraguay,PRY,AME,2019,28,137,6,2.84
Paraguay,PRY,AME,2018,29,132,6,3.05
Paraguay,PRY,AME,2017,29,135,6,3.1
Paraguay,PRY,AME,2016,30,123,6,2.68
Paraguay,PRY,AME,2015,27,130,5,2.85
Paraguay,PRY,AME,2014,24,150,5,2.95
Paraguay,PRY,AME,2013,24,150,5,3.1
Paraguay,PRY,AME,2012,25,150,5,2.9
Papua New,PNG,AP,2019,28,137,6,2.38
Papua New,PNG,AP,2018,28,138,6,2.47
Papua New,PNG,AP,2017,29,135,6,2.55
Papua New,PNG,AP,2016,28,136,5,3.01
Papua New,PNG,AP,2015,25,139,5,4.22
Papua New,PNG,AP,2014,25,145,5,4.16
Papua New,PNG,AP,2013,25,144,5,4.2
Papua New,PNG,AP,2012,25,150,5,4.2
Russia,RUS,ECA,2019,28,137,9,2.48
Russia,RUS,ECA,2018,28,138,9,2.51
Russia,RUS,ECA,2017,29,135,9,2.5
Russia,RUS,ECA,2016,29,131,9,2.73
Russia,RUS,ECA,2015,29,119,8,2.52
Russia,RUS,ECA,2014,27,136,8,2.61
Russia,RUS,ECA,2013,28,127,9,2.3
Russia,RUS,ECA,2012,28,133,9,2.2
Lebanon,LBN,MENA,2019,28,137,7,2.27
Lebanon,LBN,MENA,2018,28,138,7,2.28
Lebanon,LBN,MENA,2017,28,143,7,2.11
Lebanon,LBN,MENA,2016,28,136,7,2.5
Lebanon,LBN,MENA,2015,28,123,6,3.22
Lebanon,LBN,MENA,2014,27,136,6,3.37
Lebanon,LBN,MENA,2013,28,127,6,3.3
Lebanon,LBN,MENA,2012,30,128,6,2.3
Kenya,KEN,SSA,2019,28,137,9,2.17
Kenya,KEN,SSA,2018,27,144,9,1.82
Kenya,KEN,SSA,2017,28,143,9,1.94
Kenya,KEN,SSA,2016,26,145,9,1.72
Kenya,KEN,SSA,2015,25,139,8,3.02
Kenya,KEN,SSA,2014,25,145,8,2.98
Kenya,KEN,SSA,2013,27,136,8,2.7
Kenya,KEN,SSA,2012,27,139,8,2.2
Mauritania,MRT,SSA,2019,28,137,6,2.73
Mauritania,MRT,SSA,2018,27,144,6,2.95
Mauritania,MRT,SSA,2017,28,143,6,2.41
Mauritania,MRT,SSA,2016,27,142,5,3.62
Mauritania,MRT,SSA,2015,31,111,5,5.07
Mauritania,MRT,SSA,2014,30,124,5,4.23
Mauritania,MRT,SSA,2013,30,119,5,4.1
Mauritania,MRT,SSA,2012,31,123,5,3.5
Uganda,UGA,SSA,2019,28,137,9,2.04
Uganda,UGA,SSA,2018,26,149,9,2.13
Uganda,UGA,SSA,2017,26,151,9,2.11
Uganda,UGA,SSA,2016,25,151,9,2.24
Uganda,UGA,SSA,2015,25,139,8,3.19
Uganda,UGA,SSA,2014,26,142,8,3.03
Uganda,UGA,SSA,2013,26,140,8,3.3
Uganda,UGA,SSA,2012,29,130,8,2.2
Iran,IRN,MENA,2019,26,146,7,3.63
Iran,IRN,MENA,2018,28,138,7,2.89
Iran,IRN,MENA,2017,30,130,7,3.51
Iran,IRN,MENA,2016,29,131,7,2.47
Iran,IRN,MENA,2015,27,130,6,3.28
Iran,IRN,MENA,2014,27,136,6,4.72
Iran,IRN,MENA,2013,25,144,6,3.9
Iran,IRN,MENA,2012,28,133,6,4.6
Honduras,HND,AME,2019,26,146,7,3.25
Honduras,HND,AME,2018,29,132,8,2.42
Honduras,HND,AME,2017,29,135,8,2.32
Honduras,HND,AME,2016,30,123,7,3.05
Honduras,HND,AME,2015,31,111,7,4.12
Honduras,HND,AME,2014,29,126,6,3.49
Honduras,HND,AME,2013,26,140,6,2.5
Honduras,HND,AME,2012,28,133,6,2.4
Guatemala,GTM,AME,2019,26,146,7,2.23
Guatemala,GTM,AME,2018,27,144,7,2.56
Guatemala,GTM,AME,2017,28,143,7,2.19
Guatemala,GTM,AME,2016,28,136,6,2.58
Guatemala,GTM,AME,2015,28,123,6,3.46
Guatemala,GTM,AME,2014,32,115,6,2.96
Guatemala,GTM,AME,2013,29,123,6,2.6
Guatemala,GTM,AME,2012,33,113,6,2.7
Bangladesh,BGD,AP,2019,26,146,8,2.62
Bangladesh,BGD,AP,2018,26,149,8,2.63
Bangladesh,BGD,AP,2017,28,143,8,3.19
Bangladesh,BGD,AP,2016,26,145,7,4.13
Bangladesh,BGD,AP,2015,25,139,7,4.3
Bangladesh,BGD,AP,2014,25,145,7,4.23
Bangladesh,BGD,AP,2013,27,136,7,4.1
Bangladesh,BGD,AP,2012,26,144,7,4.1
Nigeria,NGA,SSA,2019,26,146,8,1.87
Nigeria,NGA,SSA,2018,27,144,9,2.03
Nigeria,NGA,SSA,2017,27,148,9,1.97
Nigeria,NGA,SSA,2016,28,136,9,1.98
Nigeria,NGA,SSA,2015,26,136,8,2.24
Nigeria,NGA,SSA,2014,27,136,8,2.82
Nigeria,NGA,SSA,2013,25,144,9,3.1
Nigeria,NGA,SSA,2012,27,139,9,2.7
Mozambiq,MOZ,SSA,2019,26,146,9,2.98
Mozambiq,MOZ,SSA,2018,23,158,8,2.64
Mozambiq,MOZ,SSA,2017,25,153,8,2.87
Mozambiq,MOZ,SSA,2016,27,142,8,2.57
Mozambiq,MOZ,SSA,2015,31,111,7,1.97
Mozambiq,MOZ,SSA,2014,31,119,7,1.89
Mozambiq,MOZ,SSA,2013,30,119,7,2
Mozambiq,MOZ,SSA,2012,31,123,7,1.6
Angola,AGO,SSA,2019,26,146,7,1.82
Angola,AGO,SSA,2018,19,165,6,1.31
Angola,AGO,SSA,2017,19,167,5,1.28
Angola,AGO,SSA,2016,18,164,4,1.68
Angola,AGO,SSA,2015,15,163,5,1.8
Angola,AGO,SSA,2014,19,161,6,1.71
Angola,AGO,SSA,2013,23,153,7,2.8
Angola,AGO,SSA,2012,22,157,7,1.8
Comoros,COM,SSA,2019,25,153,4,8.9
Comoros,COM,SSA,2018,27,144,4,9
Comoros,COM,SSA,2017,27,148,4,8.87
Comoros,COM,SSA,2016,24,153,3,12.81
Comoros,COM,SSA,2015,26,136,3,8.76
Comoros,COM,SSA,2014,26,142,3,8.75
Comoros,COM,SSA,2013,28,127,3,7.5
Comoros,COM,SSA,2012,28,133,3,7.5
Cameroon,CMR,SSA,2019,25,153,9,2.42
Cameroon,CMR,SSA,2018,25,152,9,2.43
Cameroon,CMR,SSA,2017,25,153,9,2.58
Cameroon,CMR,SSA,2016,26,145,9,3.04
Cameroon,CMR,SSA,2015,27,130,8,3.26
Cameroon,CMR,SSA,2014,27,136,8,2.87
Cameroon,CMR,SSA,2013,25,144,8,2.9
Cameroon,CMR,SSA,2012,26,144,8,3.5
Central Afri,CAF,SSA,2019,25,153,5,1.43
Central Afri,CAF,SSA,2018,26,149,5,1.14
Central Afri,CAF,SSA,2017,23,156,5,3.28
Central Afri,CAF,SSA,2016,20,159,4,4.04
Central Afri,CAF,SSA,2015,24,145,4,1.44
Central Afri,CAF,SSA,2014,24,150,4,1.33
Central Afri,CAF,SSA,2013,25,144,4,5.4
Central Afri,CAF,SSA,2012,26,144,4,2.4
Uzbekistan,UZB,ECA,2019,25,153,7,2.01
Uzbekistan,UZB,ECA,2018,23,158,7,1.93
Uzbekistan,UZB,ECA,2017,22,157,7,2.11
Uzbekistan,UZB,ECA,2016,21,156,7,2.35
Uzbekistan,UZB,ECA,2015,19,153,6,2.71
Uzbekistan,UZB,ECA,2014,18,166,6,2.54
Uzbekistan,UZB,ECA,2013,17,168,6,2
Uzbekistan,UZB,ECA,2012,17,170,6,2
Tajikistan,TJK,ECA,2019,25,153,6,6.66
Tajikistan,TJK,ECA,2018,25,152,6,5.73
Tajikistan,TJK,ECA,2017,21,161,5,2.36
Tajikistan,TJK,ECA,2016,25,151,6,5.26
Tajikistan,TJK,ECA,2015,26,136,5,7.36
Tajikistan,TJK,ECA,2014,23,152,5,5.32
Tajikistan,TJK,ECA,2013,22,154,5,3.8
Tajikistan,TJK,ECA,2012,22,157,5,3.8
Madagasca,MDG,SSA,2019,24,158,8,2.48
Madagasca,MDG,SSA,2018,25,152,7,2.64
Madagasca,MDG,SSA,2017,24,155,8,2.72
Madagasca,MDG,SSA,2016,26,145,7,2.88
Madagasca,MDG,SSA,2015,28,123,7,2.99
Madagasca,MDG,SSA,2014,28,133,8,3.38
Madagasca,MDG,SSA,2013,28,127,8,1.9
Madagasca,MDG,SSA,2012,32,118,8,3.2
Zimbabwe,ZWE,SSA,2019,24,158,9,2.31
Zimbabwe,ZWE,SSA,2018,22,160,9,2.29
Zimbabwe,ZWE,SSA,2017,22,157,9,2.22
Zimbabwe,ZWE,SSA,2016,22,154,9,2.59
Zimbabwe,ZWE,SSA,2015,21,150,8,4.54
Zimbabwe,ZWE,SSA,2014,21,156,8,4.18
Zimbabwe,ZWE,SSA,2013,21,157,8,4.3
Zimbabwe,ZWE,SSA,2012,20,163,8,4.3
Eritrea,ERI,SSA,2019,23,160,5,6.66
Eritrea,ERI,SSA,2018,24,157,5,8.24
Eritrea,ERI,SSA,2017,20,165,5,5.74
Eritrea,ERI,SSA,2016,18,164,5,6.24
Eritrea,ERI,SSA,2015,18,154,4,8.15
Eritrea,ERI,SSA,2014,18,166,4,7.91
Eritrea,ERI,SSA,2013,20,160,4,11
Eritrea,ERI,SSA,2012,25,150,4,9.2
Nicaragua,NIC,AME,2019,22,161,7,1.16
Nicaragua,NIC,AME,2018,25,152,8,1.13
Nicaragua,NIC,AME,2017,26,151,8,1.29
Nicaragua,NIC,AME,2016,26,145,7,1.98
Nicaragua,NIC,AME,2015,27,130,7,2.5
Nicaragua,NIC,AME,2014,28,133,7,2.03
Nicaragua,NIC,AME,2013,28,127,7,2.4
Nicaragua,NIC,AME,2012,29,130,7,2.1
Cambodia,KHM,AP,2019,20,162,8,3.41
Cambodia,KHM,AP,2018,20,161,8,2.58
Cambodia,KHM,AP,2017,21,161,8,2.43
Cambodia,KHM,AP,2016,21,156,8,2.82
Cambodia,KHM,AP,2015,21,150,7,3.87
Cambodia,KHM,AP,2014,21,156,7,2.25
Cambodia,KHM,AP,2013,20,160,7,3
Cambodia,KHM,AP,2012,22,157,7,3.1
Chad,TCD,SSA,2019,20,162,6,2.45
Chad,TCD,SSA,2018,19,165,6,2.94
Chad,TCD,SSA,2017,20,165,6,2.73
Chad,TCD,SSA,2016,20,159,5,2.67
Chad,TCD,SSA,2015,22,147,5,2.35
Chad,TCD,SSA,2014,22,154,5,2.95
Chad,TCD,SSA,2013,19,163,5,3.8
Chad,TCD,SSA,2012,19,165,5,2.5
Iraq,IRQ,MENA,2019,20,162,5,2.98
Iraq,IRQ,MENA,2018,18,168,5,2.63
Iraq,IRQ,MENA,2017,18,169,5,2.47
Iraq,IRQ,MENA,2016,17,166,5,1.87
Iraq,IRQ,MENA,2015,16,161,4,2.5
Iraq,IRQ,MENA,2014,16,170,4,2.37
Iraq,IRQ,MENA,2013,16,171,4,2.4
Iraq,IRQ,MENA,2012,18,169,4,2.3
Burundi,BDI,SSA,2019,19,165,6,4.89
Burundi,BDI,SSA,2018,17,170,5,2.65
Burundi,BDI,SSA,2017,22,157,6,3.29
Burundi,BDI,SSA,2016,20,159,6,1.53
Burundi,BDI,SSA,2015,21,150,5,2.94
Burundi,BDI,SSA,2014,20,159,5,3.65
Burundi,BDI,SSA,2013,21,157,5,2.6
Burundi,BDI,SSA,2012,19,165,5,2.8
Congo,COG,SSA,2019,19,165,6,1.03
Congo,COG,SSA,2018,19,165,6,1.04
Congo,COG,SSA,2017,21,161,6,1.08
Congo,COG,SSA,2016,20,159,5,1.78
Congo,COG,SSA,2015,23,146,6,4.11
Congo,COG,SSA,2014,23,152,6,4.2
Congo,COG,SSA,2013,22,154,6,3.8
Congo,COG,SSA,2012,26,144,6,3.3
Turkmenist,TKM,ECA,2019,19,165,5,1.42
Turkmenist,TKM,ECA,2018,20,161,5,1.22
Turkmenist,TKM,ECA,2017,19,167,5,1.78
Turkmenist,TKM,ECA,2016,22,154,4,1.32
Turkmenist,TKM,ECA,2015,18,154,4,2.38
Turkmenist,TKM,ECA,2014,17,169,3,2.85
Turkmenist,TKM,ECA,2013,17,168,3,2.9
Turkmenist,TKM,ECA,2012,17,170,3,2.9
Haia,HTI,AME,2019,18,168,6,3.23
Haia,HTI,AME,2018,20,161,6,2.47
Haia,HTI,AME,2017,22,157,6,2.05
Haia,HTI,AME,2016,20,159,5,1.81
Haia,HTI,AME,2015,17,158,5,2.74
Haia,HTI,AME,2014,19,161,5,2.86
Haia,HTI,AME,2013,19,163,5,3.1
Haia,HTI,AME,2012,19,165,5,2.8
Democraac,COD,SSA,2019,18,168,9,1.43
Democraac,COD,SSA,2018,20,161,8,2.13
Democraac,COD,SSA,2017,21,161,8,1.96
Democraac,COD,SSA,2016,21,156,7,2.13
Democraac,COD,SSA,2015,22,147,6,3.35
Democraac,COD,SSA,2014,22,154,5,4.19
Democraac,COD,SSA,2013,22,154,5,4.2
Democraac,COD,SSA,2012,21,160,5,3.3
Libya,LBY,MENA,2019,18,168,5,2.24
Libya,LBY,MENA,2018,17,170,5,2.57
Libya,LBY,MENA,2017,17,171,5,3.05
Libya,LBY,MENA,2016,14,170,4,2
Libya,LBY,MENA,2015,16,161,5,3.18
Libya,LBY,MENA,2014,18,166,5,2.81
Libya,LBY,MENA,2013,15,172,6,3.3
Libya,LBY,MENA,2012,21,160,6,4
Guinea Biss,GNB,SSA,2019,18,168,6,2.91
Guinea Biss,GNB,SSA,2018,16,172,5,1.97
Guinea Biss,GNB,SSA,2017,17,171,5,1.7
Guinea Biss,GNB,SSA,2016,16,168,4,2.09
Guinea Biss,GNB,SSA,2015,17,158,4,2.63
Guinea Biss,GNB,SSA,2014,19,161,4,2.37
Guinea Biss,GNB,SSA,2013,19,163,4,2.4
Guinea Biss,GNB,SSA,2012,25,150,4,2.1
"Korea, Nort",PRK,AP,2019,17,172,4,3.16
"Korea, Nort",PRK,AP,2018,14,176,4,1.39
"Korea, Nort",PRK,AP,2017,17,171,4,4.18
"Korea, Nort",PRK,AP,2016,12,174,3,1.39
"Korea, Nort",PRK,AP,2015,8,167,3,3.38
"Korea, Nort",PRK,AP,2014,8,174,3,3.35
"Korea, Nort",PRK,AP,2013,8,175,3,3.4
"Korea, Nort",PRK,AP,2012,8,174,3,3.4
Venezuela,VEN,AME,2019,16,173,8,2.05
Venezuela,VEN,AME,2018,18,168,8,2.13
Venezuela,VEN,AME,2017,18,169,8,1.6
Venezuela,VEN,AME,2016,17,166,7,1.41
Venezuela,VEN,AME,2015,17,158,7,2.64
Venezuela,VEN,AME,2014,19,161,7,1.69
Venezuela,VEN,AME,2013,20,160,7,2.3
Venezuela,VEN,AME,2012,19,165,7,2.1
Equatorial,GNQ,SSA,2019,16,173,4,3
Equatorial,GNQ,SSA,2018,16,172,3,2.82
Equatorial,GNQ,SSA,2017,17,171,3,3.56
Equatorial,GNQ,SSA,2016,,,,
Equatorial,GNQ,SSA,2015,,,,
Equatorial,GNQ,SSA,2014,,,,
Equatorial,GNQ,SSA,2013,19,163,3,2.2
Equatorial,GNQ,SSA,2012,20,163,3,1.3
Sudan,SDN,SSA,2019,16,173,7,2.74
Sudan,SDN,SSA,2018,16,172,7,2.51
Sudan,SDN,SSA,2017,16,175,7,2.31
Sudan,SDN,SSA,2016,14,170,7,2.99
Sudan,SDN,SSA,2015,12,165,6,3.64
Sudan,SDN,SSA,2014,11,173,6,3.55
Sudan,SDN,SSA,2013,11,174,6,3.5
Sudan,SDN,SSA,2012,13,173,6,2.9
Afghanistan,AFG,AP,2019,16,173,5,2.55
Afghanistan,AFG,AP,2018,16,172,5,1.41
Afghanistan,AFG,AP,2017,15,177,5,1.39
Afghanistan,AFG,AP,2016,15,169,5,1.74
Afghanistan,AFG,AP,2015,11,166,4,3.49
Afghanistan,AFG,AP,2014,12,172,4,1.29
Afghanistan,AFG,AP,2013,8,175,3,3.3
Afghanistan,AFG,AP,2012,8,174,3,3.3
Yemen,YEM,MENA,2019,15,177,7,1.89
Yemen,YEM,MENA,2018,14,176,7,1.45
Yemen,YEM,MENA,2017,16,175,7,1.85
Yemen,YEM,MENA,2016,14,170,7,3.05
Yemen,YEM,MENA,2015,18,154,6,2.66
Yemen,YEM,MENA,2014,19,161,6,2.37
Yemen,YEM,MENA,2013,18,167,6,2.6
Yemen,YEM,MENA,2012,23,156,6,2.2
Syria,SYR,MENA,2019,13,178,5,1.92
Syria,SYR,MENA,2018,13,178,5,1.92
Syria,SYR,MENA,2017,14,178,5,1.93
Syria,SYR,MENA,2016,13,173,5,1.97
Syria,SYR,MENA,2015,18,154,4,5.66
Syria,SYR,MENA,2014,20,159,4,5.31
Syria,SYR,MENA,2013,17,168,4,3.8
Syria,SYR,MENA,2012,26,144,5,2.7
South Suda,SSD,SSA,2019,12,179,5,1.26
South Suda,SSD,SSA,2018,13,178,5,1.86
South Suda,SSD,SSA,2017,12,179,5,1.56
South Suda,SSD,SSA,2016,11,175,5,3.21
South Suda,SSD,SSA,2015,15,163,3,1.45
South Suda,SSD,SSA,2014,15,171,3,2.35
South Suda,SSD,SSA,2013,14,173,3,1.6
South Suda,SSD,SSA,2012,,,,
Somalia,SOM,SSA,2019,9,180,5,1.74
Somalia,SOM,SSA,2018,10,180,6,3.08
Somalia,SOM,SSA,2017,9,180,5,2.26
Somalia,SOM,SSA,2016,10,176,5,2.98
Somalia,SOM,SSA,2015,8,167,4,2.32
Somalia,SOM,SSA,2014,8,174,4,2.34
Somalia,SOM,SSA,2013,8,175,4,1.9
Somalia,SOM,SSA,2012,8,174,4,2.3
